{
    "metadata": {
        "type": "Geometry",
        "faces": 6,
        "materials": 1,
        "normals": 8,
        "generator": "io_three",
        "vertices": 8,
        "uvs": 1,
        "version": 3
    },
    "materials": [{
        "mapDiffuseAnisotropy": 1,
        "shading": "phong",
        "depthTest": true,
        "mapDiffuseRepeat": [1,1],
        "depthWrite": true,
        "colorDiffuse": [0.64,0.64,0.64],
        "opacity": 1,
        "mapDiffuse": "dice.png",
        "colorEmissive": [0,0,0],
        "DbgColor": 15658734,
        "specularCoef": 50,
        "colorAmbient": [0.64,0.64,0.64],
        "transparent": false,
        "visible": true,
        "mapDiffuseWrap": ["RepeatWrapping","RepeatWrapping"],
        "wireframe": false,
        "colorSpecular": [0.5,0.5,0.5],
        "blending": "NormalBlending",
        "DbgIndex": 0,
        "DbgName": "DiceMaterial"
    }],
    "normals": [0.577349,-0.577349,-0.577349,0.577349,-0.577349,0.577349,-0.577349,-0.577349,0.577349,-0.577349,-0.577349,-0.577349,0.577349,0.577349,-0.577349,-0.577349,0.577349,-0.577349,-0.577349,0.577349,0.577349,0.577349,0.577349,0.577349],
    "name": "CubeGeometry",
    "faces": [43,0,1,2,3,0,0,1,2,3,0,1,2,3,43,4,7,6,5,0,4,5,6,7,4,5,6,7,43,0,4,5,1,0,0,8,9,1,0,4,7,1,43,1,5,6,2,0,1,10,11,2,1,7,6,2,43,2,6,7,3,0,2,6,5,3,2,6,5,3,43,4,0,3,7,0,12,0,3,13,4,0,3,5],
    "vertices": [1,0,-1,1,0,1,-1,0,1,-1,0,-1,1,2,-1,0.999999,2,1,-1,2,1,-1,2,-1],
    "uvs": [[0.664452,0.74813,0.332218,0.74813,0.332218,0.498753,0.664452,0.498753,0.664452,0,0.664452,0.249377,0.332218,0.249376,0.332218,-0,0.664451,0.997506,0.332217,0.997506,0,0.748129,0,0.498753,0.996678,0.74813,0.996678,0.498753]]
}